img8.jpg,642639,1999,2499,5761
img2.jpg,937255,2075,3130,6233
img30.jpg,1401846,2606,3030,7402
img26.jpg,681805,2699,4047,8273
img7.jpg,660510,4096,2730,8118
img17.jpg,1244425,2670,4000,9216
img11.jpg,1289486,2689,4034,9807
img18.jpg,1131756,3109,3887,10506
img20.jpg,2895647,3936,2952,13675
img21.jpg,2466733,3024,4032,13990
img28.jpg,1053110,3180,4770,13595
img14.jpg,991145,3456,5184,16209
img19.jpg,2535525,4896,3264,18932
img25.jpg,2432264,4096,4096,18613
img29.jpg,1735880,3577,5365,18878
img1.jpg,2388034,3448,5168,19349
img9.jpg,734602,4016,6016,15346
img12.jpg,292471,4160,6240,13724
img22.jpg,2521215,3648,5472,23240
img15.jpg,2726392,4323,5263,21747
img27.jpg,1152623,4128,6192,16614
img4.jpg,1882218,4000,6000,20160
img24.jpg,1850304,4000,6000,20323
img3.jpg,2398008,4000,6000,20246
img23.jpg,2767142,4024,6048,20476
img10.jpg,3209892,6000,4000,19677
img13.jpg,3431319,4000,6000,19412
img16.jpg,3206220,4282,6423,13759
img5.jpg,2189473,6720,4480,11237
img6.jpg,3232205,4368,6552,12418