img1.jpg,2388034,3448,5168,896
img2.jpg,937255,2075,3130,360
img3.jpg,2398008,4000,6000,1204
img4.jpg,1882218,4000,6000,1499
img5.jpg,2189473,6720,4480,2122
img6.jpg,3232205,4368,6552,2183
img7.jpg,660510,4096,2730,855
img8.jpg,642639,1999,2499,546
img9.jpg,734602,4016,6016,1626
img10.jpg,3209892,6000,4000,1526
img11.jpg,1289486,2689,4034,1153
img12.jpg,292471,4160,6240,1281
img13.jpg,3431319,4000,6000,1195
img14.jpg,991145,3456,5184,982
img15.jpg,2726392,4323,5263,1089
img16.jpg,3206220,4282,6423,1384
img17.jpg,1244425,2670,4000,584
img18.jpg,1131756,3109,3887,675
img19.jpg,2535525,4896,3264,840
img20.jpg,2895647,3936,2952,673
img21.jpg,2466733,3024,4032,870
img22.jpg,2521215,3648,5472,1605
img23.jpg,2767142,4024,6048,2173
img24.jpg,1850304,4000,6000,2084
img25.jpg,2432264,4096,4096,1318
img26.jpg,681805,2699,4047,829
img27.jpg,1152623,4128,6192,1972
img28.jpg,1053110,3180,4770,1157
img29.jpg,1735880,3577,5365,1475
img30.jpg,1401846,2606,3030,711
